species,hour,n_events
bobcat,0,0
bobcat,1,1
bobcat,2,0
bobcat,3,0
bobcat,4,1
bobcat,5,1
bobcat,6,1
bobcat,7,1
bobcat,8,0
bobcat,9,0
bobcat,10,0
bobcat,11,0
bobcat,12,0
bobcat,13,0
bobcat,14,0
bobcat,15,0
bobcat,16,0
bobcat,17,0
bobcat,18,0
bobcat,19,0
bobcat,20,1
bobcat,21,0
bobcat,22,1
bobcat,23,0
canis (genus),0,1
canis (genus),1,0
canis (genus),2,0
canis (genus),3,0
canis (genus),4,1
canis (genus),5,0
canis (genus),6,0
canis (genus),7,0
canis (genus),8,0
canis (genus),9,0
canis (genus),10,0
canis (genus),11,0
canis (genus),12,0
canis (genus),13,0
canis (genus),14,0
canis (genus),15,0
canis (genus),16,0
canis (genus),17,0
canis (genus),18,0
canis (genus),19,0
canis (genus),20,0
canis (genus),21,0
canis (genus),22,0
canis (genus),23,0
carnivora (order),0,0
carnivora (order),1,0
carnivora (order),2,1
carnivora (order),3,0
carnivora (order),4,0
carnivora (order),5,1
carnivora (order),6,0
carnivora (order),7,0
carnivora (order),8,0
carnivora (order),9,0
carnivora (order),10,0
carnivora (order),11,0
carnivora (order),12,0
carnivora (order),13,0
carnivora (order),14,0
carnivora (order),15,0
carnivora (order),16,0
carnivora (order),17,0
carnivora (order),18,0
carnivora (order),19,0
carnivora (order),20,1
carnivora (order),21,0
carnivora (order),22,1
carnivora (order),23,1
coyote,0,1
coyote,1,1
coyote,2,2
coyote,3,0
coyote,4,1
coyote,5,1
coyote,6,0
coyote,7,0
coyote,8,0
coyote,9,0
coyote,10,0
coyote,11,0
coyote,12,0
coyote,13,0
coyote,14,0
coyote,15,0
coyote,16,0
coyote,17,0
coyote,18,1
coyote,19,1
coyote,20,3
coyote,21,1
coyote,22,2
coyote,23,0
eastern gray squirrel,0,0
eastern gray squirrel,1,0
eastern gray squirrel,2,0
eastern gray squirrel,3,0
eastern gray squirrel,4,0
eastern gray squirrel,5,0
eastern gray squirrel,6,0
eastern gray squirrel,7,0
eastern gray squirrel,8,2
eastern gray squirrel,9,0
eastern gray squirrel,10,1
eastern gray squirrel,11,1
eastern gray squirrel,12,0
eastern gray squirrel,13,0
eastern gray squirrel,14,3
eastern gray squirrel,15,2
eastern gray squirrel,16,3
eastern gray squirrel,17,1
eastern gray squirrel,18,0
eastern gray squirrel,19,0
eastern gray squirrel,20,0
eastern gray squirrel,21,0
eastern gray squirrel,22,0
eastern gray squirrel,23,0
mammalia (class),0,1
mammalia (class),1,0
mammalia (class),2,0
mammalia (class),3,0
mammalia (class),4,0
mammalia (class),5,0
mammalia (class),6,0
mammalia (class),7,0
mammalia (class),8,0
mammalia (class),9,0
mammalia (class),10,0
mammalia (class),11,0
mammalia (class),12,0
mammalia (class),13,0
mammalia (class),14,0
mammalia (class),15,0
mammalia (class),16,0
mammalia (class),17,0
mammalia (class),18,0
mammalia (class),19,1
mammalia (class),20,2
mammalia (class),21,0
mammalia (class),22,1
mammalia (class),23,0
northern raccoon,0,2
northern raccoon,1,3
northern raccoon,2,3
northern raccoon,3,1
northern raccoon,4,2
northern raccoon,5,0
northern raccoon,6,0
northern raccoon,7,0
northern raccoon,8,0
northern raccoon,9,0
northern raccoon,10,0
northern raccoon,11,1
northern raccoon,12,0
northern raccoon,13,0
northern raccoon,14,0
northern raccoon,15,0
northern raccoon,16,0
northern raccoon,17,0
northern raccoon,18,0
northern raccoon,19,1
northern raccoon,20,2
northern raccoon,21,4
northern raccoon,22,3
northern raccoon,23,5
odocoileus (genus),0,0
odocoileus (genus),1,0
odocoileus (genus),2,0
odocoileus (genus),3,0
odocoileus (genus),4,0
odocoileus (genus),5,1
odocoileus (genus),6,0
odocoileus (genus),7,0
odocoileus (genus),8,0
odocoileus (genus),9,0
odocoileus (genus),10,0
odocoileus (genus),11,0
odocoileus (genus),12,0
odocoileus (genus),13,0
odocoileus (genus),14,0
odocoileus (genus),15,0
odocoileus (genus),16,0
odocoileus (genus),17,0
odocoileus (genus),18,0
odocoileus (genus),19,0
odocoileus (genus),20,0
odocoileus (genus),21,0
odocoileus (genus),22,0
odocoileus (genus),23,0
sciurus (genus),0,0
sciurus (genus),1,0
sciurus (genus),2,0
sciurus (genus),3,0
sciurus (genus),4,0
sciurus (genus),5,0
sciurus (genus),6,0
sciurus (genus),7,0
sciurus (genus),8,0
sciurus (genus),9,0
sciurus (genus),10,0
sciurus (genus),11,0
sciurus (genus),12,0
sciurus (genus),13,0
sciurus (genus),14,0
sciurus (genus),15,0
sciurus (genus),16,0
sciurus (genus),17,0
sciurus (genus),18,0
sciurus (genus),19,0
sciurus (genus),20,0
sciurus (genus),21,0
sciurus (genus),22,0
sciurus (genus),23,1
virginia opossum,0,0
virginia opossum,1,1
virginia opossum,2,0
virginia opossum,3,0
virginia opossum,4,0
virginia opossum,5,0
virginia opossum,6,0
virginia opossum,7,0
virginia opossum,8,0
virginia opossum,9,0
virginia opossum,10,0
virginia opossum,11,0
virginia opossum,12,0
virginia opossum,13,0
virginia opossum,14,0
virginia opossum,15,0
virginia opossum,16,0
virginia opossum,17,0
virginia opossum,18,0
virginia opossum,19,0
virginia opossum,20,2
virginia opossum,21,4
virginia opossum,22,1
virginia opossum,23,2
white-tailed deer,0,1
white-tailed deer,1,3
white-tailed deer,2,2
white-tailed deer,3,3
white-tailed deer,4,0
white-tailed deer,5,4
white-tailed deer,6,5
white-tailed deer,7,0
white-tailed deer,8,2
white-tailed deer,9,2
white-tailed deer,10,0
white-tailed deer,11,0
white-tailed deer,12,0
white-tailed deer,13,0
white-tailed deer,14,0
white-tailed deer,15,0
white-tailed deer,16,0
white-tailed deer,17,1
white-tailed deer,18,2
white-tailed deer,19,4
white-tailed deer,20,3
white-tailed deer,21,0
white-tailed deer,22,4
white-tailed deer,23,1
wild turkey,0,0
wild turkey,1,0
wild turkey,2,0
wild turkey,3,0
wild turkey,4,0
wild turkey,5,0
wild turkey,6,1
wild turkey,7,3
wild turkey,8,1
wild turkey,9,2
wild turkey,10,1
wild turkey,11,0
wild turkey,12,0
wild turkey,13,1
wild turkey,14,0
wild turkey,15,3
wild turkey,16,2
wild turkey,17,1
wild turkey,18,3
wild turkey,19,0
wild turkey,20,0
wild turkey,21,0
wild turkey,22,0
wild turkey,23,0
