species,n_events,n_cameras,animals,first_seen,last_seen
white-tailed deer,37,3,75,2026-04-06 03:18:48,2026-04-15 18:32:45
northern raccoon,27,3,40,2026-04-06 02:38:24,2026-04-15 23:37:41
wild turkey,18,3,58,2026-04-06 07:52:40,2026-04-15 18:47:59
coyote,14,3,22,2026-04-07 02:34:10,2026-04-15 04:43:38
eastern gray squirrel,13,3,19,2026-04-06 11:40:32,2026-04-15 16:25:15
virginia opossum,10,3,10,2026-04-09 01:00:21,2026-04-14 21:35:48
bobcat,7,3,7,2026-04-06 05:24:55,2026-04-15 20:35:19
carnivora (order),5,2,7,2026-04-06 23:54:12,2026-04-11 05:54:36
mammalia (class),5,3,5,2026-04-08 19:56:32,2026-04-15 20:15:27
canis (genus),2,1,3,2026-04-07 04:12:51,2026-04-15 00:42:27
odocoileus (genus),1,1,1,2026-04-12 05:47:05,2026-04-12 05:47:05
sciurus (genus),1,1,2,2026-04-08 23:44:43,2026-04-08 23:44:43
